{"cameraMode":{"drawMode":0,"name":"Shaded","section":"Shading Mode"},"sceneLighting":false,"audioPlay":false,"sceneViewState":{"m_AlwaysRefresh":false,"showFog":true,"showSkybox":false,"showFlares":true,"showImageEffects":true,"showParticleSystems":true,"showVisualEffectGraphs":true,"m_FxEnabled":true},"in2DMode":false,"pivot":{"x":0.49119526147842409,"y":1.3335938453674317,"z":7.863795280456543},"rotation":{"x":0.11616925150156021,"y":-0.23975050449371339,"z":0.02890898659825325,"w":0.9634257555007935},"size":4.7161054611206059,"orthographic":false}